Year,Month,State,Latitude,Longitude,Nearest_SST_Latitude,Nearest_SST_Longitude,SST,SST_Min,SST_Max,SST_Std,Historical_Catch,Landings_Tonnes,Availability,Data_Source,Source_URL,PFZ_Observations,PFZ_Mean_Distance_km,PFZ_Mean_Depth_m,Observed_Length_cm,Maturity_Length_cm,Exact_Maturity_Score,Integrated_Sources
2013,2013-06,Andhra Pradesh,16.99,82.25,16.5,82.5,28.30416658333333,25.97,30.3,1.487875006205492,266031.0,266031,1,CMFRI state landings + Indian SST,https://www.cmfri.org.in/state2013,,,,,,,CMFRI + NOAA OISST + INCOIS PFZ + FishBase Maturity
2014,2014-06,Andhra Pradesh,16.99,82.25,16.5,82.5,28.36833316666667,25.76,30.42,1.474842529652869,266031.0,341699,1,CMFRI state landings + Indian SST,https://www.cmfri.org.in/state2014,,,,,,,CMFRI + NOAA OISST + INCOIS PFZ + FishBase Maturity
2015,2015-06,Andhra Pradesh,16.99,82.25,16.5,82.5,28.542499583333335,25.72,30.13,1.4606727598487217,341699.0,295052,1,CMFRI state landings + Indian SST,https://www.cmfri.org.in/state2015,,,,,,,CMFRI + NOAA OISST + INCOIS PFZ + FishBase Maturity
2016,2016-06,Andhra Pradesh,16.99,82.25,16.5,82.5,28.719999583333333,26.68,30.199999,1.1991889077054956,295052.0,191886,0,CMFRI state landings + Indian SST,https://www.cmfri.org.in/state2016,,,,,,,CMFRI + NOAA OISST + INCOIS PFZ + FishBase Maturity
2017,2017-06,Andhra Pradesh,16.99,82.25,16.5,82.5,28.609999833333333,25.82,30.57,1.620779891960087,191886.0,199659,0,CMFRI state landings + Indian SST,https://www.cmfri.org.in/state2017,,,,,,,CMFRI + NOAA OISST + INCOIS PFZ + FishBase Maturity
2018,2018-06,Andhra Pradesh,16.99,82.25,16.5,82.5,28.26916625,25.279999,29.8,1.5241895843168072,199659.0,193506,0,CMFRI state landings + Indian SST,https://www.cmfri.org.in/state2018,,,,,,,CMFRI + NOAA OISST + INCOIS PFZ + FishBase Maturity
2019,2019-06,Andhra Pradesh,16.99,82.25,16.5,82.5,28.57249941666667,25.439999,30.439999,1.4815540273339798,193506.0,259029,1,CMFRI state landings + Indian SST,https://www.cmfri.org.in/state2019,,,,,,,CMFRI + NOAA OISST + INCOIS PFZ + FishBase Maturity
2020,2020-06,Andhra Pradesh,16.99,82.25,16.5,82.5,28.823333083333335,26.119999,30.42,1.3937414729186814,259029.0,194408,0,CMFRI state landings + Indian SST,https://www.cmfri.org.in/state2020,,,,,,,CMFRI + NOAA OISST + INCOIS PFZ + FishBase Maturity
2021,2021-06,Andhra Pradesh,16.99,82.25,16.5,82.5,28.73666658333333,26.48,30.34,1.376889234338206,194408.0,206524,1,CMFRI state landings + Indian SST,https://www.cmfri.org.in/state2021,,,,,,,CMFRI + NOAA OISST + INCOIS PFZ + FishBase Maturity
2022,2022-06,Andhra Pradesh,16.99,82.25,16.5,82.5,28.630833083333332,26.08,30.06,1.3939377295231896,206524.0,215919,1,CMFRI state landings + Indian SST,https://www.cmfri.org.in/state2022,,,,,,,CMFRI + NOAA OISST + INCOIS PFZ + FishBase Maturity
2023,2023-06,Andhra Pradesh,16.99,82.25,16.5,82.5,26.529999,26.529999,26.529999,,215919.0,189530,0,CMFRI state landings + Indian SST,https://www.cmfri.org.in/state2023,1.0,18.5,55.0,12.0,16.3,0.2638036809815951,CMFRI + NOAA OISST + INCOIS PFZ + FishBase Maturity
2013,2013-06,Goa,15.3,74.12,15.5,74.5,28.471666166666665,27.189999,29.679998,0.7393711447557474,104134.0,104134,1,CMFRI state landings + Indian SST,https://www.cmfri.org.in/state2013,,,,,,,CMFRI + NOAA OISST + INCOIS PFZ + FishBase Maturity
2014,2014-06,Goa,15.3,74.12,15.5,74.5,28.778332833333337,27.5,30.359999,0.9601399531825672,104134.0,153230,1,CMFRI state landings + Indian SST,https://www.cmfri.org.in/state2014,,,,,,,CMFRI + NOAA OISST + INCOIS PFZ + FishBase Maturity
2015,2015-06,Goa,15.3,74.12,15.5,74.5,29.079999666666662,27.619999,30.599998,0.7772325976884361,153230.0,68561,1,CMFRI state landings + Indian SST,https://www.cmfri.org.in/state2015,,,,,,,CMFRI + NOAA OISST + INCOIS PFZ + FishBase Maturity
2016,2016-06,Goa,15.3,74.12,15.5,74.5,28.547499583333337,27.119999,30.439999,1.1041501608601698,68561.0,61219,1,CMFRI state landings + Indian SST,https://www.cmfri.org.in/state2016,,,,,,,CMFRI + NOAA OISST + INCOIS PFZ + FishBase Maturity
2017,2017-06,Goa,15.3,74.12,15.5,74.5,28.821666250000003,27.769999,30.26,0.6836113916903009,61219.0,100175,1,CMFRI state landings + Indian SST,https://www.cmfri.org.in/state2017,,,,,,,CMFRI + NOAA OISST + INCOIS PFZ + FishBase Maturity
2018,2018-06,Goa,15.3,74.12,15.5,74.5,28.748332833333333,27.15,30.25,0.9927540044410736,100175.0,59096,0,CMFRI state landings + Indian SST,https://www.cmfri.org.in/state2018,,,,,,,CMFRI + NOAA OISST + INCOIS PFZ + FishBase Maturity
2019,2019-06,Goa,15.3,74.12,15.5,74.5,28.88416641666667,28.0,29.82,0.6844832152579801,59096.0,32860,0,CMFRI state landings + Indian SST,https://www.cmfri.org.in/state2019,,,,,,,CMFRI + NOAA OISST + INCOIS PFZ + FishBase Maturity
2020,2020-06,Goa,15.3,74.12,15.5,74.5,29.02583291666667,28.279999,30.76,0.8083706454682852,32860.0,57151,0,CMFRI state landings + Indian SST,https://www.cmfri.org.in/state2020,,,,,,,CMFRI + NOAA OISST + INCOIS PFZ + FishBase Maturity
2021,2021-06,Goa,15.3,74.12,15.5,74.5,28.945832999999997,27.92,29.99,0.6800729555339808,57151.0,51601,0,CMFRI state landings + Indian SST,https://www.cmfri.org.in/state2021,1.0,16.0,42.0,15.0,16.1,0.06832298136645976,CMFRI + NOAA OISST + INCOIS PFZ + FishBase Maturity
2022,2022-06,Goa,15.3,74.12,15.5,74.5,28.649166249999997,27.31,30.23,0.9782586457735768,51601.0,52228,0,CMFRI state landings + Indian SST,https://www.cmfri.org.in/state2022,,,,,,,CMFRI + NOAA OISST + INCOIS PFZ + FishBase Maturity
2023,2023-06,Goa,15.3,74.12,15.5,74.5,28.07,28.07,28.07,,52228.0,61001,1,CMFRI state landings + Indian SST,https://www.cmfri.org.in/state2023,,,,,,,CMFRI + NOAA OISST + INCOIS PFZ + FishBase Maturity
2013,2013-06,Gujarat,21.64,69.61,21.5,69.5,26.998333,23.38,29.81,2.237636041437399,717170.0,717170,0,CMFRI state landings + Indian SST,https://www.cmfri.org.in/state2013,,,,,,,CMFRI + NOAA OISST + INCOIS PFZ + FishBase Maturity
2014,2014-06,Gujarat,21.64,69.61,21.5,69.5,27.073332833333335,22.42,30.019999,2.6429710597024516,717170.0,711930,0,CMFRI state landings + Indian SST,https://www.cmfri.org.in/state2014,,,,,,,CMFRI + NOAA OISST + INCOIS PFZ + FishBase Maturity
2015,2015-06,Gujarat,21.64,69.61,21.5,69.5,27.3199995,23.279999,29.779999,2.2626010008597106,711930.0,721549,1,CMFRI state landings + Indian SST,https://www.cmfri.org.in/state2015,,,,,,,CMFRI + NOAA OISST + INCOIS PFZ + FishBase Maturity
2016,2016-06,Gujarat,21.64,69.61,21.5,69.5,27.063332916666667,23.869999,29.949999,2.026529930694404,721549.0,774373,1,CMFRI state landings + Indian SST,https://www.cmfri.org.in/state2016,,,,,,,CMFRI + NOAA OISST + INCOIS PFZ + FishBase Maturity
2017,2017-06,Gujarat,21.64,69.61,21.5,69.5,26.959166416666665,23.289999,30.039999,2.3060807508070105,774373.0,786495,1,CMFRI state landings + Indian SST,https://www.cmfri.org.in/state2017,,,,,,,CMFRI + NOAA OISST + INCOIS PFZ + FishBase Maturity
2018,2018-06,Gujarat,21.64,69.61,21.5,69.5,27.258332916666664,23.08,29.939999,2.1790984059302003,786495.0,780312,1,CMFRI state landings + Indian SST,https://www.cmfri.org.in/state2018,,,,,,,CMFRI + NOAA OISST + INCOIS PFZ + FishBase Maturity
2019,2019-06,Gujarat,21.64,69.61,21.5,69.5,26.99833291666667,22.64,29.67,2.503574949583584,780312.0,749268,1,CMFRI state landings + Indian SST,https://www.cmfri.org.in/state2019,,,,,,,CMFRI + NOAA OISST + INCOIS PFZ + FishBase Maturity
2020,2020-06,Gujarat,21.64,69.61,21.5,69.5,27.424999333333332,22.91,30.59,2.8838118107811392,749268.0,532031,0,CMFRI state landings + Indian SST,https://www.cmfri.org.in/state2020,,,,,,,CMFRI + NOAA OISST + INCOIS PFZ + FishBase Maturity
2021,2021-06,Gujarat,21.64,69.61,21.5,69.5,27.225832916666665,22.859999,29.619999,2.210406956874744,532031.0,576416,0,CMFRI state landings + Indian SST,https://www.cmfri.org.in/state2021,,,,,,,CMFRI + NOAA OISST + INCOIS PFZ + FishBase Maturity
2022,2022-06,Gujarat,21.64,69.61,21.5,69.5,27.259166166666663,23.18,30.01,2.3236821769978393,576416.0,502686,0,CMFRI state landings + Indian SST,https://www.cmfri.org.in/state2022,,,,,,,CMFRI + NOAA OISST + INCOIS PFZ + FishBase Maturity
2023,2023-06,Gujarat,21.64,69.61,21.5,69.5,22.84,22.84,22.84,,502686.0,822786,1,CMFRI state landings + Indian SST,https://www.cmfri.org.in/state2023,,,,,,,CMFRI + NOAA OISST + INCOIS PFZ + FishBase Maturity
2013,2013-06,Karnataka,14.8,74.13,14.5,74.5,28.466666,27.099998,29.63,0.7990716689521661,437118.0,437118,0,CMFRI state landings + Indian SST,https://www.cmfri.org.in/state2013,,,,,,,CMFRI + NOAA OISST + INCOIS PFZ + FishBase Maturity
2014,2014-06,Karnataka,14.8,74.13,14.5,74.5,28.818332916666662,27.609999,30.359999,0.9121984218958924,437118.0,474076,0,CMFRI state landings + Indian SST,https://www.cmfri.org.in/state2014,,,,,,,CMFRI + NOAA OISST + INCOIS PFZ + FishBase Maturity
2015,2015-06,Karnataka,14.8,74.13,14.5,74.5,29.128332916666665,27.779999,30.57,0.7301909806223752,474076.0,442693,0,CMFRI state landings + Indian SST,https://www.cmfri.org.in/state2015,,,,,,,CMFRI + NOAA OISST + INCOIS PFZ + FishBase Maturity
2016,2016-06,Karnataka,14.8,74.13,14.5,74.5,28.62499975,27.019999,30.46,1.1541426692179264,442693.0,529523,1,CMFRI state landings + Indian SST,https://www.cmfri.org.in/state2016,,,,,,,CMFRI + NOAA OISST + INCOIS PFZ + FishBase Maturity
2017,2017-06,Karnataka,14.8,74.13,14.5,74.5,28.852499499999997,27.949999,30.22,0.6240212372553743,529523.0,547784,1,CMFRI state landings + Indian SST,https://www.cmfri.org.in/state2017,,,,,,,CMFRI + NOAA OISST + INCOIS PFZ + FishBase Maturity
2018,2018-06,Karnataka,14.8,74.13,14.5,74.5,28.801666166666667,27.15,30.23,0.9951593132701588,547784.0,452056,0,CMFRI state landings + Indian SST,https://www.cmfri.org.in/state2018,,,,,,,CMFRI + NOAA OISST + INCOIS PFZ + FishBase Maturity
2019,2019-06,Karnataka,14.8,74.13,14.5,74.5,29.00999933333333,28.31,29.81,0.6030979431995408,452056.0,501331,1,CMFRI state landings + Indian SST,https://www.cmfri.org.in/state2019,,,,,,,CMFRI + NOAA OISST + INCOIS PFZ + FishBase Maturity
2020,2020-06,Karnataka,14.8,74.13,14.5,74.5,29.13749975,28.33,30.76,0.8042062255305061,501331.0,374841,0,CMFRI state landings + Indian SST,https://www.cmfri.org.in/state2020,,,,,,,CMFRI + NOAA OISST + INCOIS PFZ + FishBase Maturity
2021,2021-06,Karnataka,14.8,74.13,14.5,74.5,28.953333,27.75,30.029999,0.7331045301467156,374841.0,550785,1,CMFRI state landings + Indian SST,https://www.cmfri.org.in/state2021,,,,,,,CMFRI + NOAA OISST + INCOIS PFZ + FishBase Maturity
2022,2022-06,Karnataka,14.8,74.13,14.5,74.5,28.660833083333333,27.199999,30.32,0.9961606411011192,550785.0,694686,1,CMFRI state landings + Indian SST,https://www.cmfri.org.in/state2022,,,,,,,CMFRI + NOAA OISST + INCOIS PFZ + FishBase Maturity
2023,2023-06,Karnataka,14.8,74.13,14.5,74.5,28.349998,28.349998,28.349998,,694686.0,603658,1,CMFRI state landings + Indian SST,https://www.cmfri.org.in/state2023,,,,,,,CMFRI + NOAA OISST + INCOIS PFZ + FishBase Maturity
2013,2013-06,Kerala,9.93,76.27,9.5,76.5,28.37916575,26.769999,30.269999,1.095490501528809,671361.0,671361,1,CMFRI state landings + Indian SST,https://www.cmfri.org.in/state2013,,,,,,,CMFRI + NOAA OISST + INCOIS PFZ + FishBase Maturity
2014,2014-06,Kerala,9.93,76.27,9.5,76.5,28.71333316666667,27.34,30.38,0.977355635468466,671361.0,575644,1,CMFRI state landings + Indian SST,https://www.cmfri.org.in/state2014,,,,,,,CMFRI + NOAA OISST + INCOIS PFZ + FishBase Maturity
2015,2015-06,Kerala,9.93,76.27,9.5,76.5,29.12083325,27.64,30.38,0.8642333716986742,575644.0,482499,0,CMFRI state landings + Indian SST,https://www.cmfri.org.in/state2015,,,,,,,CMFRI + NOAA OISST + INCOIS PFZ + FishBase Maturity
2016,2016-06,Kerala,9.93,76.27,9.5,76.5,28.587499833333336,26.39,30.9,1.5030763892159682,482499.0,522550,0,CMFRI state landings + Indian SST,https://www.cmfri.org.in/state2016,,,,,,,CMFRI + NOAA OISST + INCOIS PFZ + FishBase Maturity
2017,2017-06,Kerala,9.93,76.27,9.5,76.5,28.482499666666666,26.369999,29.76,1.0046541774979398,522550.0,584686,1,CMFRI state landings + Indian SST,https://www.cmfri.org.in/state2017,,,,,,,CMFRI + NOAA OISST + INCOIS PFZ + FishBase Maturity
2018,2018-06,Kerala,9.93,76.27,9.5,76.5,28.461666166666664,26.0,30.439999,1.3011313177619936,584686.0,642580,1,CMFRI state landings + Indian SST,https://www.cmfri.org.in/state2018,,,,,,,CMFRI + NOAA OISST + INCOIS PFZ + FishBase Maturity
2019,2019-06,Kerala,9.93,76.27,9.5,76.5,29.05249975,27.599998,30.619999,0.8584037868998611,642580.0,543836,0,CMFRI state landings + Indian SST,https://www.cmfri.org.in/state2019,,,,,,,CMFRI + NOAA OISST + INCOIS PFZ + FishBase Maturity
2020,2020-06,Kerala,9.93,76.27,9.5,76.5,29.094999333333337,27.609999,31.16,1.1106632662106457,543836.0,360867,0,CMFRI state landings + Indian SST,https://www.cmfri.org.in/state2020,,,,,,,CMFRI + NOAA OISST + INCOIS PFZ + FishBase Maturity
2021,2021-06,Kerala,9.93,76.27,9.5,76.5,28.892499416666663,27.519999,30.32,0.8250083027134237,360867.0,554976,0,CMFRI state landings + Indian SST,https://www.cmfri.org.in/state2021,,,,,,,CMFRI + NOAA OISST + INCOIS PFZ + FishBase Maturity
2022,2022-06,Kerala,9.93,76.27,9.5,76.5,28.71333316666667,27.42,30.8,0.9721984963801305,554976.0,686823,1,CMFRI state landings + Indian SST,https://www.cmfri.org.in/state2022,,,,,,,CMFRI + NOAA OISST + INCOIS PFZ + FishBase Maturity
2023,2023-06,Kerala,9.93,76.27,9.5,76.5,28.21,28.21,28.21,,686823.0,633258,1,CMFRI state landings + Indian SST,https://www.cmfri.org.in/state2023,,,,,,,CMFRI + NOAA OISST + INCOIS PFZ + FishBase Maturity
2013,2013-06,Maharashtra,19.08,72.88,19.5,72.5,27.319999666666664,24.56,29.26,1.6896151589799888,364327.0,364327,1,CMFRI state landings + Indian SST,https://www.cmfri.org.in/state2013,,,,,,,CMFRI + NOAA OISST + INCOIS PFZ + FishBase Maturity
2014,2014-06,Maharashtra,19.08,72.88,19.5,72.5,27.646666416666665,24.029999,30.109999,2.121000304459044,364327.0,344648,1,CMFRI state landings + Indian SST,https://www.cmfri.org.in/state2014,,,,,,,CMFRI + NOAA OISST + INCOIS PFZ + FishBase Maturity
2015,2015-06,Maharashtra,19.08,72.88,19.5,72.5,27.853332833333337,24.439999,29.99,1.923057842146949,344648.0,264891,1,CMFRI state landings + Indian SST,https://www.cmfri.org.in/state2015,,,,,,,CMFRI + NOAA OISST + INCOIS PFZ + FishBase Maturity
2016,2016-06,Maharashtra,19.08,72.88,19.5,72.5,27.298332916666663,24.48,29.97,1.7935427427303283,264891.0,292355,1,CMFRI state landings + Indian SST,https://www.cmfri.org.in/state2016,,,,,,,CMFRI + NOAA OISST + INCOIS PFZ + FishBase Maturity
2017,2017-06,Maharashtra,19.08,72.88,19.5,72.5,27.522499999999997,24.23,29.98,1.970690349736726,292355.0,381142,1,CMFRI state landings + Indian SST,https://www.cmfri.org.in/state2017,,,,,,,CMFRI + NOAA OISST + INCOIS PFZ + FishBase Maturity
2018,2018-06,Maharashtra,19.08,72.88,19.5,72.5,27.778333166666663,24.56,29.779999,1.7525970729178302,381142.0,295398,1,CMFRI state landings + Indian SST,https://www.cmfri.org.in/state2018,,,,,,,CMFRI + NOAA OISST + INCOIS PFZ + FishBase Maturity
2019,2019-06,Maharashtra,19.08,72.88,19.5,72.5,27.402499666666667,23.42,29.429998,2.174998636990308,295398.0,200979,0,CMFRI state landings + Indian SST,https://www.cmfri.org.in/state2019,,,,,,,CMFRI + NOAA OISST + INCOIS PFZ + FishBase Maturity
2020,2020-06,Maharashtra,19.08,72.88,19.5,72.5,27.705,24.33,29.82,1.945033301888312,200979.0,139863,0,CMFRI state landings + Indian SST,https://www.cmfri.org.in/state2020,,,,,,,CMFRI + NOAA OISST + INCOIS PFZ + FishBase Maturity
2021,2021-06,Maharashtra,19.08,72.88,19.5,72.5,27.805833083333336,25.17,29.57,1.5816473903574233,139863.0,122823,0,CMFRI state landings + Indian SST,https://www.cmfri.org.in/state2021,,,,,,,CMFRI + NOAA OISST + INCOIS PFZ + FishBase Maturity
2022,2022-06,Maharashtra,19.08,72.88,19.5,72.5,27.616666499999997,24.3,29.92,1.8665491940850485,122823.0,169732,0,CMFRI state landings + Indian SST,https://www.cmfri.org.in/state2022,,,,,,,CMFRI + NOAA OISST + INCOIS PFZ + FishBase Maturity
2023,2023-06,Maharashtra,19.08,72.88,19.5,72.5,24.529999,24.529999,24.529999,,169732.0,211010,0,CMFRI state landings + Indian SST,https://www.cmfri.org.in/state2023,,,,,,,CMFRI + NOAA OISST + INCOIS PFZ + FishBase Maturity
2013,2013-06,Odisha,19.81,85.84,19.5,85.5,27.78999958333333,24.93,29.56,1.615785810512952,124415.0,124415,0,CMFRI state landings + Indian SST,https://www.cmfri.org.in/state2013,,,,,,,CMFRI + NOAA OISST + INCOIS PFZ + FishBase Maturity
2014,2014-06,Odisha,19.81,85.84,19.5,85.5,28.17916633333333,25.3,30.31,1.7392286958200387,124415.0,138722,1,CMFRI state landings + Indian SST,https://www.cmfri.org.in/state2014,,,,,,,CMFRI + NOAA OISST + INCOIS PFZ + FishBase Maturity
2015,2015-06,Odisha,19.81,85.84,19.5,85.5,28.102499750000003,24.82,29.859999,1.7001289869515586,138722.0,141120,1,CMFRI state landings + Indian SST,https://www.cmfri.org.in/state2015,,,,,,,CMFRI + NOAA OISST + INCOIS PFZ + FishBase Maturity
2016,2016-06,Odisha,19.81,85.84,19.5,85.5,28.482499416666663,25.74,30.08,1.5043822898756611,141120.0,117493,0,CMFRI state landings + Indian SST,https://www.cmfri.org.in/state2016,,,,,,,CMFRI + NOAA OISST + INCOIS PFZ + FishBase Maturity
2017,2017-06,Odisha,19.81,85.84,19.5,85.5,28.024166416666663,25.0,29.869999,1.7781217437527348,117493.0,126958,0,CMFRI state landings + Indian SST,https://www.cmfri.org.in/state2017,,,,,,,CMFRI + NOAA OISST + INCOIS PFZ + FishBase Maturity
2018,2018-06,Odisha,19.81,85.84,19.5,85.5,27.852499833333336,24.42,29.55,1.7630402272005643,126958.0,89181,0,CMFRI state landings + Indian SST,https://www.cmfri.org.in/state2018,,,,,,,CMFRI + NOAA OISST + INCOIS PFZ + FishBase Maturity
2019,2019-06,Odisha,19.81,85.84,19.5,85.5,27.677499833333332,24.199999,29.47,1.669644285197016,89181.0,102143,0,CMFRI state landings + Indian SST,https://www.cmfri.org.in/state2019,,,,,,,CMFRI + NOAA OISST + INCOIS PFZ + FishBase Maturity
2020,2020-06,Odisha,19.81,85.84,19.5,85.5,28.402499833333337,24.24,30.15,1.962740060360925,102143.0,175263,1,CMFRI state landings + Indian SST,https://www.cmfri.org.in/state2020,,,,,,,CMFRI + NOAA OISST + INCOIS PFZ + FishBase Maturity
2021,2021-06,Odisha,19.81,85.84,19.5,85.5,28.434999583333333,25.98,30.189999,1.5914227690969704,175263.0,180069,1,CMFRI state landings + Indian SST,https://www.cmfri.org.in/state2021,,,,,,,CMFRI + NOAA OISST + INCOIS PFZ + FishBase Maturity
2022,2022-06,Odisha,19.81,85.84,19.5,85.5,28.275832833333336,25.74,29.99,1.6081804878543988,180069.0,133132,1,CMFRI state landings + Indian SST,https://www.cmfri.org.in/state2022,,,,,,,CMFRI + NOAA OISST + INCOIS PFZ + FishBase Maturity
2023,2023-06,Odisha,19.81,85.84,19.5,85.5,25.57,25.57,25.57,,133132.0,129944,1,CMFRI state landings + Indian SST,https://www.cmfri.org.in/state2023,,,,,,,CMFRI + NOAA OISST + INCOIS PFZ + FishBase Maturity
2013,2013-06,Puducherry,11.94,79.83,11.5,79.5,28.44999975,26.71,30.23,1.106172895412673,68726.0,68726,1,CMFRI state landings + Indian SST,https://www.cmfri.org.in/state2013,,,,,,,CMFRI + NOAA OISST + INCOIS PFZ + FishBase Maturity
2014,2014-06,Puducherry,11.94,79.83,11.5,79.5,28.499166083333336,26.07,29.96,1.2585736426970493,68726.0,65393,1,CMFRI state landings + Indian SST,https://www.cmfri.org.in/state2014,,,,,,,CMFRI + NOAA OISST + INCOIS PFZ + FishBase Maturity
2015,2015-06,Puducherry,11.94,79.83,11.5,79.5,28.828333333333333,26.76,30.24,1.0710558370414702,65393.0,79148,1,CMFRI state landings + Indian SST,https://www.cmfri.org.in/state2015,,,,,,,CMFRI + NOAA OISST + INCOIS PFZ + FishBase Maturity
2016,2016-06,Puducherry,11.94,79.83,11.5,79.5,28.7924995,27.25,30.47,1.0182257532325076,79148.0,45190,0,CMFRI state landings + Indian SST,https://www.cmfri.org.in/state2016,,,,,,,CMFRI + NOAA OISST + INCOIS PFZ + FishBase Maturity
2017,2017-06,Puducherry,11.94,79.83,11.5,79.5,28.59166625,26.609999,30.07,1.086427357038416,45190.0,27040,0,CMFRI state landings + Indian SST,https://www.cmfri.org.in/state2017,,,,,,,CMFRI + NOAA OISST + INCOIS PFZ + FishBase Maturity
2018,2018-06,Puducherry,11.94,79.83,11.5,79.5,28.414166249999997,26.3,30.359999,1.2024097603010009,27040.0,45406,1,CMFRI state landings + Indian SST,https://www.cmfri.org.in/state2018,,,,,,,CMFRI + NOAA OISST + INCOIS PFZ + FishBase Maturity
2019,2019-06,Puducherry,11.94,79.83,11.5,79.5,28.688333333333333,26.39,30.09,1.0841824178391364,45406.0,36872,0,CMFRI state landings + Indian SST,https://www.cmfri.org.in/state2019,,,,,,,CMFRI + NOAA OISST + INCOIS PFZ + FishBase Maturity
2020,2020-06,Puducherry,11.94,79.83,11.5,79.5,29.004166166666664,27.55,30.75,0.963529878607898,36872.0,33859,0,CMFRI state landings + Indian SST,https://www.cmfri.org.in/state2020,,,,,,,CMFRI + NOAA OISST + INCOIS PFZ + FishBase Maturity
2021,2021-06,Puducherry,11.94,79.83,11.5,79.5,28.857499833333332,27.08,30.039999,0.9604081334138244,33859.0,38257,0,CMFRI state landings + Indian SST,https://www.cmfri.org.in/state2021,,,,,,,CMFRI + NOAA OISST + INCOIS PFZ + FishBase Maturity
2022,2022-06,Puducherry,11.94,79.83,11.5,79.5,28.874999666666668,27.38,30.109999,0.8734932127542242,38257.0,49902,1,CMFRI state landings + Indian SST,https://www.cmfri.org.in/state2022,,,,,,,CMFRI + NOAA OISST + INCOIS PFZ + FishBase Maturity
2023,2023-06,Puducherry,11.94,79.83,11.5,79.5,26.98,26.98,26.98,,49902.0,51052,1,CMFRI state landings + Indian SST,https://www.cmfri.org.in/state2023,,,,,,,CMFRI + NOAA OISST + INCOIS PFZ + FishBase Maturity
2013,2013-06,Tamil Nadu,13.08,80.27,13.5,80.5,28.31916633333333,26.33,30.31,1.2719880938551795,687592.0,687592,1,CMFRI state landings + Indian SST,https://www.cmfri.org.in/state2013,,,,,,,CMFRI + NOAA OISST + INCOIS PFZ + FishBase Maturity
2014,2014-06,Tamil Nadu,13.08,80.27,13.5,80.5,28.22999975,25.73,29.91,1.3702287168075342,687592.0,665858,0,CMFRI state landings + Indian SST,https://www.cmfri.org.in/state2014,,,,,,,CMFRI + NOAA OISST + INCOIS PFZ + FishBase Maturity
2015,2015-06,Tamil Nadu,13.08,80.27,13.5,80.5,28.670833166666668,26.43,30.3,1.1992152506005245,665858.0,709337,1,CMFRI state landings + Indian SST,https://www.cmfri.org.in/state2015,,,,,,,CMFRI + NOAA OISST + INCOIS PFZ + FishBase Maturity
2016,2016-06,Tamil Nadu,13.08,80.27,13.5,80.5,28.718333,27.14,30.22,0.9891670303542356,709337.0,707007,1,CMFRI state landings + Indian SST,https://www.cmfri.org.in/state2016,,,,,,,CMFRI + NOAA OISST + INCOIS PFZ + FishBase Maturity
2017,2017-06,Tamil Nadu,13.08,80.27,13.5,80.5,28.563332833333337,26.619999,30.099998,1.1771021669828012,707007.0,655090,0,CMFRI state landings + Indian SST,https://www.cmfri.org.in/state2017,,,,,,,CMFRI + NOAA OISST + INCOIS PFZ + FishBase Maturity
2018,2018-06,Tamil Nadu,13.08,80.27,13.5,80.5,28.3183325,26.07,30.099998,1.198588442268693,655090.0,701876,1,CMFRI state landings + Indian SST,https://www.cmfri.org.in/state2018,,,,,,,CMFRI + NOAA OISST + INCOIS PFZ + FishBase Maturity
2019,2019-06,Tamil Nadu,13.08,80.27,13.5,80.5,28.31666633333333,25.76,29.65,1.189929962797759,701876.0,774571,1,CMFRI state landings + Indian SST,https://www.cmfri.org.in/state2019,,,,,,,CMFRI + NOAA OISST + INCOIS PFZ + FishBase Maturity
2020,2020-06,Tamil Nadu,13.08,80.27,13.5,80.5,28.924166333333332,26.99,30.57,1.1557480387572154,774571.0,559062,0,CMFRI state landings + Indian SST,https://www.cmfri.org.in/state2020,,,,,,,CMFRI + NOAA OISST + INCOIS PFZ + FishBase Maturity
2021,2021-06,Tamil Nadu,13.08,80.27,13.5,80.5,28.84416625,26.96,29.949999,1.0342623145524907,559062.0,562451,0,CMFRI state landings + Indian SST,https://www.cmfri.org.in/state2021,,,,,,,CMFRI + NOAA OISST + INCOIS PFZ + FishBase Maturity
2022,2022-06,Tamil Nadu,13.08,80.27,13.5,80.5,28.784166416666665,26.93,29.859999,1.0475202966863693,562451.0,722088,1,CMFRI state landings + Indian SST,https://www.cmfri.org.in/state2022,2.0,22.0,48.0,24.0,21.0,0.0,CMFRI + NOAA OISST + INCOIS PFZ + FishBase Maturity
2023,2023-06,Tamil Nadu,13.08,80.27,13.5,80.5,27.0,27.0,27.0,,722088.0,564719,0,CMFRI state landings + Indian SST,https://www.cmfri.org.in/state2023,,,,,,,CMFRI + NOAA OISST + INCOIS PFZ + FishBase Maturity
2013,2013-06,West Bengal,21.62,87.52,21.5,87.5,27.237499666666665,23.359999,29.64,2.3659060885842966,261502.0,261502,1,CMFRI state landings + Indian SST,https://www.cmfri.org.in/state2013,,,,,,,CMFRI + NOAA OISST + INCOIS PFZ + FishBase Maturity
2014,2014-06,West Bengal,21.62,87.52,21.5,87.5,27.73416591666667,23.5,30.55,2.5243194831239872,261502.0,76536,0,CMFRI state landings + Indian SST,https://www.cmfri.org.in/state2014,,,,,,,CMFRI + NOAA OISST + INCOIS PFZ + FishBase Maturity
2015,2015-06,West Bengal,21.62,87.52,21.5,87.5,27.620833083333338,22.85,30.05,2.32394026233016,76536.0,118650,0,CMFRI state landings + Indian SST,https://www.cmfri.org.in/state2015,,,,,,,CMFRI + NOAA OISST + INCOIS PFZ + FishBase Maturity
2016,2016-06,West Bengal,21.62,87.52,21.5,87.5,27.888333083333332,23.92,29.89,2.0226841634698483,118650.0,271712,1,CMFRI state landings + Indian SST,https://www.cmfri.org.in/state2016,,,,,,,CMFRI + NOAA OISST + INCOIS PFZ + FishBase Maturity
2017,2017-06,West Bengal,21.62,87.52,21.5,87.5,27.736666166666662,23.779999,30.32,2.461526882512923,271712.0,361474,1,CMFRI state landings + Indian SST,https://www.cmfri.org.in/state2017,,,,,,,CMFRI + NOAA OISST + INCOIS PFZ + FishBase Maturity
2018,2018-06,West Bengal,21.62,87.52,21.5,87.5,27.44416633333333,22.81,29.82,2.4986011522814606,361474.0,159977,0,CMFRI state landings + Indian SST,https://www.cmfri.org.in/state2018,,,,,,,CMFRI + NOAA OISST + INCOIS PFZ + FishBase Maturity
2019,2019-06,West Bengal,21.62,87.52,21.5,87.5,27.44666641666667,21.859999,29.98,2.806053006475803,159977.0,248820,1,CMFRI state landings + Indian SST,https://www.cmfri.org.in/state2019,,,,,,,CMFRI + NOAA OISST + INCOIS PFZ + FishBase Maturity
2020,2020-06,West Bengal,21.62,87.52,21.5,87.5,27.684166083333334,22.359999,30.22,2.847347802062393,248820.0,260199,1,CMFRI state landings + Indian SST,https://www.cmfri.org.in/state2020,,,,,,,CMFRI + NOAA OISST + INCOIS PFZ + FishBase Maturity
2021,2021-06,West Bengal,21.62,87.52,21.5,87.5,27.804999166666665,24.0,30.17,2.401190984793846,260199.0,136938,0,CMFRI state landings + Indian SST,https://www.cmfri.org.in/state2021,,,,,,,CMFRI + NOAA OISST + INCOIS PFZ + FishBase Maturity
2022,2022-06,West Bengal,21.62,87.52,21.5,87.5,27.75916641666667,23.41,30.21,2.6197588720003315,136938.0,189544,1,CMFRI state landings + Indian SST,https://www.cmfri.org.in/state2022,,,,,,,CMFRI + NOAA OISST + INCOIS PFZ + FishBase Maturity
2023,2023-06,West Bengal,21.62,87.52,21.5,87.5,23.81,23.81,23.81,,189544.0,172942,0,CMFRI state landings + Indian SST,https://www.cmfri.org.in/state2023,,,,,,,CMFRI + NOAA OISST + INCOIS PFZ + FishBase Maturity
